{
  "frozen_whisper_1280d": {
    "auroc": 0.8391666666666666,
    "std": 0.08496731397687256,
    "n": 37
  }
}