{
  "frozen_whisper_1280d": {
    "auroc": 0.7434730326506764,
    "std": 0.01835600535685712,
    "n": 2073
  }
}