{
  "frozen_whisper_1280d": {
    "auroc": 0.736168511291664,
    "std": 0.022967104405953453,
    "n": 1678
  }
}