{
  "frozen_whisper_1280d": {
    "auroc": 0.9687603305785124,
    "std": 0.02063403178092857,
    "n": 107
  }
}