{
  "version": "v3-2026-04-23",
  "cohort": "846 train participants, 5-seed",
  "models": {
    "VoiceFM-Whisper": {
      "v2.3.0": {
        "seed_means": [
          0.9212641207240473,
          0.9568473007241434,
          0.9289163442694497,
          0.9183893317313002,
          0.9179231262037234
        ],
        "mean": 0.9286680447305328,
        "std": 0.016355850839811423,
        "per_category_means": {
          "gsd_control": 0.9142470091484871,
          "cat_voice": 0.8648551268738185,
          "cat_neuro": 0.9776888888888887,
          "cat_mood": 0.9684299326864236,
          "cat_respiratory": 0.918119266055046
        }
      },
      "v3": {
        "seed_means": [
          0.9537197001273136,
          0.9437382759539913,
          0.9546901132717597,
          0.9573860804471753,
          0.9484378641110004
        ],
        "mean": 0.9515944067822482,
        "std": 0.005461829078680735,
        "per_category_means": {
          "gsd_control": 0.9260517799352751,
          "cat_voice": 0.9538249496288493,
          "cat_neuro": 0.9976956691695985,
          "cat_mood": 0.9374698811801314,
          "cat_respiratory": 0.9429297539973863
        }
      }
    },
    "VoiceFM-HuBERT": {
      "v2.3.0": {
        "seed_means": [
          0.9203999621818421,
          0.9395629587371797,
          0.9069651173481132,
          0.8992505114007014,
          0.8843257686523394
        ],
        "mean": 0.9101008636640353,
        "std": 0.021011931422626834,
        "per_category_means": {
          "gsd_control": 0.8626621736227648,
          "cat_voice": 0.8524454562398487,
          "cat_neuro": 0.971704659498208,
          "cat_mood": 0.9708785733018621,
          "cat_respiratory": 0.8928134556574923
        }
      },
      "v3": {
        "seed_means": [
          0.9402469756237757,
          0.9296043873365072,
          0.9413154509721489,
          0.9335205233180425,
          0.9477576323237138
        ],
        "mean": 0.9384889939148376,
        "std": 0.007081824469428947,
        "per_category_means": {
          "gsd_control": 0.8882686084142394,
          "cat_voice": 0.9400238458051653,
          "cat_neuro": 0.9964065936790762,
          "cat_mood": 0.9468987865287083,
          "cat_respiratory": 0.9208471351469985
        }
      }
    },
    "VoiceFM-HeAR": {
      "v2.3.0": {
        "seed_means": [
          0.890458935463579,
          0.9078921270323269,
          0.9063841661751019,
          0.8744801362945914,
          0.8762678410113889
        ],
        "mean": 0.8910966411953976,
        "std": 0.01590758453631272,
        "per_category_means": {
          "gsd_control": 0.8722803551128674,
          "cat_voice": 0.8339612855126873,
          "cat_neuro": 0.9538709677419355,
          "cat_mood": 0.9069149401171431,
          "cat_respiratory": 0.8884556574923547
        }
      },
      "v3": {
        "seed_means": [
          0.9222159761291993,
          0.9217312423180571,
          0.9209929901241404,
          0.9201676549841717,
          0.9262042161005242
        ],
        "mean": 0.9222624159312186,
        "std": 0.0023356774147031117,
        "per_category_means": {
          "gsd_control": 0.9030744336569579,
          "cat_voice": 0.9190421458070988,
          "cat_neuro": 0.9896643723125573,
          "cat_mood": 0.8821579401686718,
          "cat_respiratory": 0.917373187710807
        }
      }
    },
    "Frozen Whisper": {
      "v2.3.0": {
        "seed_means": [
          0.8896450624926328,
          0.9155435555845928,
          0.9071566632374564,
          0.9124186616900806,
          0.8714400866397376
        ],
        "mean": 0.8992408059289,
        "std": 0.018486850805488536,
        "per_category_means": {
          "gsd_control": 0.9006712499323337,
          "cat_voice": 0.8322532151130282,
          "cat_neuro": 0.9386688172043012,
          "cat_mood": 0.9175006556517177,
          "cat_respiratory": 0.9071100917431194
        }
      },
      "v3": {
        "seed_means": [
          0.9467977097793486,
          0.9276580214560063,
          0.9288434483290958,
          0.9182605965076883,
          0.9075312200945378
        ],
        "mean": 0.9258181992333354,
        "std": 0.014527628037933792,
        "per_category_means": {
          "gsd_control": 0.9033980582524272,
          "cat_voice": 0.9456486396489364,
          "cat_neuro": 0.985899808341939,
          "cat_mood": 0.8701239056585066,
          "cat_respiratory": 0.9240205842648676
        }
      }
    },
    "Frozen HuBERT": {
      "v2.3.0": {
        "seed_means": [
          0.8691566095165968,
          0.8730760718506717,
          0.8679583079162413,
          0.8449352701494313,
          0.8652647631079324
        ],
        "mean": 0.8640782045081746,
        "std": 0.011064208893701457,
        "per_category_means": {
          "gsd_control": 0.8403314747649724,
          "cat_voice": 0.7743284074872859,
          "cat_neuro": 0.9137885304659499,
          "cat_mood": 0.9196949034006469,
          "cat_respiratory": 0.8722477064220184
        }
      },
      "v3": {
        "seed_means": [
          0.8894162981867474,
          0.8602549361372483,
          0.871401078995161,
          0.9033461708661277,
          0.9013978147127046
        ],
        "mean": 0.8851632597795979,
        "std": 0.018855301454530973,
        "per_category_means": {
          "gsd_control": 0.8308252427184467,
          "cat_voice": 0.9028358777729997,
          "cat_neuro": 0.9732735824012977,
          "cat_mood": 0.8504481895967733,
          "cat_respiratory": 0.8684334064084721
        }
      }
    },
    "Frozen HeAR": {
      "v2.3.0": {
        "seed_means": [
          0.8408733165802287,
          0.8376825311007454,
          0.8675047645443368,
          0.8416495789673618,
          0.8675616778690735
        ],
        "mean": 0.8510543738123493,
        "std": 0.015116354656464749,
        "per_category_means": {
          "gsd_control": 0.8677151337988777,
          "cat_voice": 0.8036879409963522,
          "cat_neuro": 0.9109498207885306,
          "cat_mood": 0.8254419092578023,
          "cat_respiratory": 0.8474770642201837
        }
      },
      "v3": {
        "seed_means": [
          0.8892490780797478,
          0.8425893519413441,
          0.8621706427364202,
          0.8781706701707961,
          0.8960208636704351
        ],
        "mean": 0.8736401213197486,
        "std": 0.02156827676333553,
        "per_category_means": {
          "gsd_control": 0.8754854368932039,
          "cat_voice": 0.8693046615727216,
          "cat_neuro": 0.9495411802285894,
          "cat_mood": 0.8281666251894297,
          "cat_respiratory": 0.8457027027147991
        }
      }
    }
  },
  "pvalues": {
    "v2.3.0": {
      "primary": "VoiceFM-Whisper",
      "comparisons": [
        {
          "other": "VoiceFM-HuBERT",
          "delta_mean": 0.018567181066497462,
          "welch_p": 0.15982512212930175,
          "welch_sig": "ns",
          "paired_p": 0.0241896477098101,
          "paired_sig": "*"
        },
        {
          "other": "VoiceFM-HeAR",
          "delta_mean": 0.03757140353513522,
          "welch_p": 0.006207993162304606,
          "welch_sig": "**",
          "paired_p": 0.0014240881852273276,
          "paired_sig": "**"
        },
        {
          "other": "Frozen Whisper",
          "delta_mean": 0.029427238801632782,
          "welch_p": 0.028921142229936338,
          "welch_sig": "*",
          "paired_p": 0.015228282181862169,
          "paired_sig": "*"
        },
        {
          "other": "Frozen HuBERT",
          "delta_mean": 0.06458984022235814,
          "welch_p": 0.00015782936600907107,
          "welch_sig": "***",
          "paired_p": 0.00046640178318341886,
          "paired_sig": "***"
        },
        {
          "other": "Frozen HeAR",
          "delta_mean": 0.0776136709181835,