{
  "train_test": {
    "auroc": 0.5463659147869675,
    "accuracy": 0.5,
    "n_train": 129,
    "n_test": 40
  },
  "cv_all": {
    "auroc_mean": 0.6628571428571428,
    "auroc_std": 0.07536927180467684,
    "acc_mean": 0.6094474153297683,
    "acc_std": 0.07529248026632106,
    "n": 169
  },
  "cv_test": {
    "auroc_mean": 0.7083333333333334,
    "auroc_std": 0.22630792690000448,
    "n": 40
  }
}