{
  "temporal_mil": {
    "train_test_auroc": 0.6641604010025063,
    "cv_auroc_mean": 0.6639097744360901,
    "cv_auroc_std": 0.08696907974405292,
    "per_feature_aurocs": {
      "mean": 0.7167919799498748,
      "max": 0.6967418546365914,
      "p90": 0.7644110275689223,
      "p95": 0.7969924812030076,
      "std": 0.5538847117794486,
      "frac_above_50": 0.6992481203007519,
      "frac_above_70": 0.7343358395989975,
      "top3_mean": 0.7894736842105263
    },
    "n_train": 129,
    "n_test": 40
  },
  "baseline": {
    "train_test_auroc": 0.546,
    "cv_auroc": 0.663
  }
}