{
  "acoustic_grounding_vw": {
    "f0_mean": {
      "r2": 0.3164355699100404,
      "n": 863
    },
    "f0_sd": {
      "r2": 0.13543085002119204,
      "n": 863
    },
    "f0_min": {
      "r2": 0.03581215438697882,
      "n": 863
    },
    "f0_max": {
      "r2": 0.0719710064078688,
      "n": 863
    },
    "f0_range": {
      "r2": 0.06206417701275557,
      "n": 863
    },
    "jitter_local": {
      "r2": 0.2448261583973067,
      "n": 863
    },
    "jitter_rap": {
      "r2": 0.205146973416088,
      "n": 863
    },
    "shimmer_local": {
      "r2": 0.35649608603405014,
      "n": 863
    },
    "shimmer_apq3": {
      "r2": 0.34744158571671624,
      "n": 863
    },
    "hnr": {
      "r2": 0.48671481377365133,
      "n": 865
    },
    "cpps": {
      "r2": 0.36287711126872646,
      "n": 865
    },
    "f1_mean": {
      "r2": 0.07983552396502824,
      "n": 865
    },
    "f2_mean": {
      "r2": 0.1288580658017846,
      "n": 865
    },
    "f3_mean": {
      "r2": 0.08270222683049933,
      "n": 865
    }
  },
  "acoustic_grounding_fw": {
    "f0_mean": {
      "r2": -0.544118266662623,
      "n": 863
    },
    "f0_sd": {
      "r2": -0.8500906480130079,
      "n": 863
    },
    "f0_min": {
      "r2": -1.379600222855795,
      "n": 863
    },
    "f0_max": {
      "r2": -1.0615160114469981,
      "n": 863
    },
    "f0_range": {
      "r2": -1.0679918370525496,
      "n": 863
    },
    "jitter_local": {
      "r2": -0.6077146863489253,
      "n": 863
    },
    "jitter_rap": {
      "r2": -0.7180675631356681,
      "n": 863
    },
    "shimmer_local": {
      "r2": -0.2702894363565411,
      "n": 863
    },
    "shimmer_apq3": {
      "r2": -0.37433982124795784,
      "n": 863
    },
    "hnr": {
      "r2": 0.1131018258213341,
      "n": 865
    },
    "cpps": {
      "r2": 0.0494886188896243,
      "n": 865
    },
    "f1_mean": {
      "r2": -0.4728606338461163,
      "n": 865
    },
    "f2_mean": {
      "r2": -0.7824908104260135,
      "n": 865
    },
    "f3_mean": {
      "r2": -0.4888153128007817,
      "n": 865
    }
  },
  "pca": {
    "explained_variance": [
      0.4282393455505371,
      0.22903281450271606,
      0.17382776737213135,
      0.11169345676898956,
      0.01908743940293789
    ],
    "heatmap": {
      "f0_mean": [
        0.28025298223162604,
        -0.4334721986977447,
        -0.24462516097463927,
        -0.02219668882896495,
        -0.1220586374861579
      ],
      "f0_sd": [
        -0.10485862237074754,
        -0.3288881592566803,
        0.04669267129628385,
        -0.0699605080032513,
        -0.15430188387003496
      ],
      "f0_min": [
        0.18237780639549142,
        0.1636024167629303,
        -0.11460430932581984,
        0.132981463159772,
        0.07053247020158163
      ],
      "f0_max": [
        -0.047914226468875845,
        -0.1940768464773178,
        -0.05149728445380047,
        0.03151587327192175,
        -0.10954574383203135
      ],
      "f0_range": [
        -0.10718048830542211,
        -0.1972387416331275,
        -0.026203318101420816,
        0.0035467257362564028,
        -0.11384691449965154
      ],
      "jitter_local": [
        -0.3920745885755578,
        -0.17118969556189448,
        0.2325372202043448,
        -0.10627361969567839,
        -0.09109318097836137
      ],
      "jitter_rap": [
        -0.3169563388683815,
        -0.1438400072649561,
        0.25219636471394086,
        -0.09634688761453435,
        -0.07683372555732101
      ],
      "shimmer_local": [
        -0.21819608256957196,
        -0.09175433081897742,
        0.33215483168871096,
        -0.054750570337889166,
        -0.16984114555094626
      ],
      "shimmer_apq3": [
        -0.1514170361129856,
        -0.04423277642306659,
        0.3661497181394185,
        -0.052933509819191614,
        -0.16038675137270927
      ],
      "hnr": [
        0.21694782261736834,
        0.1232899992731922,
        -0.34645948194920945,
        0.11650543400066155,
        0.10202100771157895
      ],
      "cpps": [
        0.25414360164406885,
        0.23182991659509833,
        -0.2697904939474711,
        0.0835845640859057,
        0.14529590347399288
      ],
      "f1_mean": [
        -0.011375172246028884,
        -0.2154867164752492,
        0.07244371318681482,
        0.0700446356393906,
        0.16015159504643411
      ],
      "f2_mean": [
        -0.09394958475542917,
        -0.235992133418177,
        0.055128481817197456,
        0.07966200842207063,
        0.01329405604726327
      ],
      "f3_mean": [
        -0.08822137526865931,
        -0.3636815632597181,
        -0.07029874024928022,
        0.08647271652568078,
        0.062384656345996096
      ]
    }
  },
  "nn_vw": {
    "cat_match_rate": 0.6929078014184398,
    "cat_match_per_pid_mean": 0.6929078014184398,
    "cat_match_per_pid_sd": 0.32097751365232235,
    "k": 5,
    "n_participants": 846,
    "cat_match_ci95": 0.02162945110728538,
    "cat_match_se": 0.011035434238410908
  },
  "nn_fw": {
    "cat_match_rate": 0.6269503546099291,
    "cat_match_per_pid_mean": 0.6269503546099291,
    "cat_match_per_pid_sd": 0.32683805575878366,
    "k": 5,
    "n_participants": 846,
    "cat_match_ci95": 0.022024370699974344,
    "cat_match_se": 0.011236923826517522
  },
  "within_participant": {
    "cohort": "train_846",
    "n_participants": 845,
    "intra_mean": 0.935481851340751,
    "intra_sd_per_pid": 0.0191627309984805,
    "inter_mean": 0.8408353763924548,
    "inter_sd_per_pid": 0.030633595909045155,
    "separation": 0.09464647494829626,
    "paired_t_p": 0.0
  },
  "nn_comparison": {
    "delta": 0.06595744680851068,
    "welch_t": 4.187886113490421,
    "welch_p": 2.960801149164914e-05,
    "paired_t": 6.144977893628503,
    "paired_p": 1.2310282219163148e-09,
    "chance_baseline_random_pair": 0.24300979718212248,
    "cohort": "846 training participants (single-label canonical category)"
  }
}