{
  "model": "checkpoints_exp_d_gsd_v3_seed44/best_model.pt",
  "dataset": "NeuroVoz",
  "level": "participant",
  "all": {
    "n_recordings": 2168,
    "n_participants": 107,
    "n_pd": 52,
    "n_hc": 55,
    "voicefm_256d": {
      "auroc": 0.9109090909090909,
      "std": 0.013144393621204009
    },
    "hubert_768d": {
      "auroc": 0.9780165289256197,
      "std": 0.032117195407297724
    }
  },
  "all_fewshot": {
    "voicefm_256d": {
      "1": {
        "mean": 0.531614015976761,
        "std": 0.12577148053007908
      },
      "2": {
        "mean": 0.6234528301886793,
        "std": 0.11584187028291781
      },
      "5": {
        "mean": 0.7263234042553193,
        "std": 0.1085339652857244
      },
      "10": {
        "mean": 0.8107513227513228,
        "std": 0.05646516027522563
      },
      "20": {
        "mean": 0.8538749999999999,
        "std": 0.04098811814516045
      }
    },
    "hubert_768d": {
      "1": {
        "mean": 0.5532062454611474,
        "std": 0.1476974929335034
      },
      "2": {
        "mean": 0.8049283018867925,
        "std": 0.10711043824378685
      },
      "5": {
        "mean": 0.8975276595744681,
        "std": 0.057219588303741006
      },
      "10": {
        "mean": 0.937031746031746,
        "std": 0.02772734095758053
      },
      "20": {
        "mean": 0.9566160714285715,
        "std": 0.017059925424359093
      }
    }
  },
  "vowel": {
    "n_recordings": 812,
    "n_participants": 107,
    "n_pd": 52,
    "n_hc": 55,
    "voicefm_256d": {
      "auroc": 0.699504132231405,
      "std": 0.10773715507522601
    },
    "hubert_768d": {
      "auroc": 0.7019834710743801,
      "std": 0.06792483501289691
    }
  },
  "speech": {
    "n_recordings": 1275,
    "n_participants": 107,
    "n_pd": 52,
    "n_hc": 55,
    "voicefm_256d": {
      "auroc": 0.9104132231404959,
      "std": 0.016233727594673328
    },
    "hubert_768d": {
      "auroc": 0.9758677685950413,
      "std": 0.022875698655177776
    }
  },
  "speech_fewshot": {
    "voicefm_256d": {
      "1": {
        "mean": 0.5269607843137254,
        "std": 0.12046742982360657
      },
      "2": {
        "mean": 0.633211320754717,
        "std": 0.12722983293252588
      },
      "5": {
        "mean": 0.7235021276595747,
        "std": 0.10951886802555491
      },
      "10": {
        "mean": 0.8034761904761902,
        "std": 0.06492140053795369
      },
      "20": {
        "mean": 0.8548482142857143,
        "std": 0.039566217544653115
      }
    },
    "hubert_768d": {
      "1": {
        "mean": 0.566717501815541,
        "std": 0.14347596580419297
      },
      "2": {
        "mean": 0.8066679245283019,
        "std": 0.10132246307544002
      },
      "5": {
        "mean": 0.8941191489361704,
        "std": 0.06311751182340546
      },
      "10": {
        "mean": 0.9334444444444445,
        "std": 0.028912843044766944
      },
      "20": {
        "mean": 0.9495357142857144,
        "std": 0.01821318273971367
      }
    }
  },
  "ddk": {
    "n_recordings": 81,
    "n_participants": 81,
    "n_pd": 31,
    "n_hc": 50,
    "voicefm_256d": {
      "auroc": 0.8061904761904761,
      "std": 0.06370282479310724
    },
    "hubert_768d": {
      "auroc": 0.9333333333333333,
      "std": 0.03800584750330458
    }
  }
}