{
  "model": "checkpoints_exp_d_gsd_v3_seed42/best_model.pt",
  "dataset": "NeuroVoz",
  "level": "participant",
  "all": {
    "n_recordings": 2168,
    "n_participants": 107,
    "n_pd": 52,
    "n_hc": 55,
    "voicefm_256d": {
      "auroc": 0.911900826446281,
      "std": 0.03540664085330975
    },
    "hubert_768d": {
      "auroc": 0.9780165289256197,
      "std": 0.032117195407297724
    }
  },
  "all_fewshot": {
    "voicefm_256d": {
      "1": {
        "mean": 0.5190268700072622,
        "std": 0.12347375625656774
      },
      "2": {
        "mean": 0.6566,
        "std": 0.125737587419182
      },
      "5": {
        "mean": 0.785468085106383,
        "std": 0.10575252122139146
      },
      "10": {
        "mean": 0.8602328042328042,
        "std": 0.0490796411508785
      },
      "20": {
        "mean": 0.8888571428571429,
        "std": 0.032795818159873834
      }
    },
    "hubert_768d": {
      "1": {
        "mean": 0.5532062454611474,
        "std": 0.1476974929335034
      },
      "2": {
        "mean": 0.8049283018867925,
        "std": 0.10711043824378685
      },
      "5": {
        "mean": 0.8975276595744681,
        "std": 0.057219588303741006
      },
      "10": {
        "mean": 0.937031746031746,
        "std": 0.02772734095758053
      },
      "20": {
        "mean": 0.9566160714285715,
        "std": 0.017059925424359093
      }
    }
  },
  "vowel": {
    "n_recordings": 812,
    "n_participants": 107,
    "n_pd": 52,
    "n_hc": 55,
    "voicefm_256d": {
      "auroc": 0.6138842975206613,
      "std": 0.07755290171692816
    },
    "hubert_768d": {
      "auroc": 0.7019834710743801,
      "std": 0.06792483501289691
    }
  },
  "speech": {
    "n_recordings": 1275,
    "n_participants": 107,
    "n_pd": 52,
    "n_hc": 55,
    "voicefm_256d": {
      "auroc": 0.9373553719008264,
      "std": 0.030005349795061857
    },
    "hubert_768d": {
      "auroc": 0.9758677685950413,
      "std": 0.022875698655177776
    }
  },
  "speech_fewshot": {
    "voicefm_256d": {
      "1": {
        "mean": 0.5412363834422659,
        "std": 0.1409718653535915
      },
      "2": {
        "mean": 0.6705245283018868,
        "std": 0.1320533986407
      },
      "5": {
        "mean": 0.7992340425531915,
        "std": 0.10391876201697114
      },
      "10": {
        "mean": 0.8642169312169311,
        "std": 0.054472622682179415
      },
      "20": {
        "mean": 0.8945892857142858,
        "std": 0.028587556831814857
      }
    },
    "hubert_768d": {
      "1": {
        "mean": 0.566717501815541,
        "std": 0.14347596580419297
      },
      "2": {
        "mean": 0.8066679245283019,
        "std": 0.10132246307544002
      },
      "5": {
        "mean": 0.8941191489361704,
        "std": 0.06311751182340546
      },
      "10": {
        "mean": 0.9334444444444445,
        "std": 0.028912843044766944
      },
      "20": {
        "mean": 0.9495357142857144,
        "std": 0.01821318273971367
      }
    }
  },
  "ddk": {
    "n_recordings": 81,
    "n_participants": 81,
    "n_pd": 31,
    "n_hc": 50,
    "voicefm_256d": {
      "auroc": 0.8552380952380952,
      "std": 0.09325798707990118
    },
    "hubert_768d": {
      "auroc": 0.9333333333333333,
      "std": 0.03800584750330458
    }
  }
}