{
  "model": "checkpoints_exp_d_gsd_v3_seed46/best_model.pt",
  "dataset": "NeuroVoz",
  "level": "participant",
  "all": {
    "n_recordings": 2168,
    "n_participants": 107,
    "n_pd": 52,
    "n_hc": 55,
    "voicefm_256d": {
      "auroc": 0.947603305785124,
      "std": 0.033080983642028085
    },
    "hubert_768d": {
      "auroc": 0.9780165289256197,
      "std": 0.032117195407297724
    }
  },
  "all_fewshot": {
    "voicefm_256d": {
      "1": {
        "mean": 0.5150617283950618,
        "std": 0.104056539342913
      },
      "2": {
        "mean": 0.6449132075471699,
        "std": 0.12110000139636105
      },
      "5": {
        "mean": 0.7841787234042554,
        "std": 0.10258986507680982
      },
      "10": {
        "mean": 0.8597830687830688,
        "std": 0.05247810428294188
      },
      "20": {
        "mean": 0.8934732142857142,
        "std": 0.03616516617216356
      }
    },
    "hubert_768d": {
      "1": {
        "mean": 0.5532062454611474,
        "std": 0.1476974929335034
      },
      "2": {
        "mean": 0.8049283018867925,
        "std": 0.10711043824378685
      },
      "5": {
        "mean": 0.8975276595744681,
        "std": 0.057219588303741006
      },
      "10": {
        "mean": 0.937031746031746,
        "std": 0.02772734095758053
      },
      "20": {
        "mean": 0.9566160714285715,
        "std": 0.017059925424359093
      }
    }
  },
  "vowel": {
    "n_recordings": 812,
    "n_participants": 107,
    "n_pd": 52,
    "n_hc": 55,
    "voicefm_256d": {
      "auroc": 0.6262809917355372,
      "std": 0.06424714931897801
    },
    "hubert_768d": {
      "auroc": 0.7019834710743801,
      "std": 0.06792483501289691
    }
  },
  "speech": {
    "n_recordings": 1275,
    "n_participants": 107,
    "n_pd": 52,
    "n_hc": 55,
    "voicefm_256d": {
      "auroc": 0.947107438016529,
      "std": 0.04213093124775129
    },
    "hubert_768d": {
      "auroc": 0.9758677685950413,
      "std": 0.022875698655177776
    }
  },
  "speech_fewshot": {
    "voicefm_256d": {
      "1": {
        "mean": 0.5253376906318082,
        "std": 0.1128703631133458
      },
      "2": {
        "mean": 0.6468075471698114,
        "std": 0.12330216159689895
      },
      "5": {
        "mean": 0.7832127659574468,
        "std": 0.10767264868893286
      },
      "10": {
        "mean": 0.8557248677248676,
        "std": 0.060913553182680685
      },
      "20": {
        "mean": 0.8999910714285714,
        "std": 0.03596485649107291
      }
    },
    "hubert_768d": {
      "1": {
        "mean": 0.566717501815541,
        "std": 0.14347596580419297
      },
      "2": {
        "mean": 0.8066679245283019,
        "std": 0.10132246307544002
      },
      "5": {
        "mean": 0.8941191489361704,
        "std": 0.06311751182340546
      },
      "10": {
        "mean": 0.9334444444444445,
        "std": 0.028912843044766944
      },
      "20": {
        "mean": 0.9495357142857144,
        "std": 0.01821318273971367
      }
    }
  },
  "ddk": {
    "n_recordings": 81,
    "n_participants": 81,
    "n_pd": 31,
    "n_hc": 50,
    "voicefm_256d": {
      "auroc": 0.8276190476190475,
      "std": 0.1048981797645404
    },
    "hubert_768d": {
      "auroc": 0.9333333333333333,
      "std": 0.03800584750330458
    }
  }
}