{
  "model": "checkpoints_exp_d_gsd_v3_seed45/best_model.pt",
  "dataset": "NeuroVoz",
  "level": "participant",
  "all": {
    "n_recordings": 2168,
    "n_participants": 107,
    "n_pd": 52,
    "n_hc": 55,
    "voicefm_256d": {
      "auroc": 0.9337190082644626,
      "std": 0.024718343727510923
    },
    "hubert_768d": {
      "auroc": 0.9780165289256197,
      "std": 0.032117195407297724
    }
  },
  "all_fewshot": {
    "voicefm_256d": {
      "1": {
        "mean": 0.5105029048656501,
        "std": 0.1293318882787878
      },
      "2": {
        "mean": 0.6268830188679246,
        "std": 0.13050607326258562
      },
      "5": {
        "mean": 0.7799404255319148,
        "std": 0.10569952407113166
      },
      "10": {
        "mean": 0.86631746031746,
        "std": 0.05151103954694858
      },
      "20": {
        "mean": 0.9093839285714286,
        "std": 0.02557829086643513
      }
    },
    "hubert_768d": {
      "1": {
        "mean": 0.5532062454611474,
        "std": 0.1476974929335034
      },
      "2": {
        "mean": 0.8049283018867925,
        "std": 0.10711043824378685
      },
      "5": {
        "mean": 0.8975276595744681,
        "std": 0.057219588303741006
      },
      "10": {
        "mean": 0.937031746031746,
        "std": 0.02772734095758053
      },
      "20": {
        "mean": 0.9566160714285715,
        "std": 0.017059925424359093
      }
    }
  },
  "vowel": {
    "n_recordings": 812,
    "n_participants": 107,
    "n_pd": 52,
    "n_hc": 55,
    "voicefm_256d": {
      "auroc": 0.6373553719008265,
      "std": 0.08249474011128392
    },
    "hubert_768d": {
      "auroc": 0.7019834710743801,
      "std": 0.06792483501289691
    }
  },
  "speech": {
    "n_recordings": 1275,
    "n_participants": 107,
    "n_pd": 52,
    "n_hc": 55,
    "voicefm_256d": {
      "auroc": 0.9495867768595042,
      "std": 0.028619394397397576
    },
    "hubert_768d": {
      "auroc": 0.9758677685950413,
      "std": 0.022875698655177776
    }
  },
  "speech_fewshot": {
    "voicefm_256d": {
      "1": {
        "mean": 0.555096223674655,
        "std": 0.13457245092258638
      },
      "2": {
        "mean": 0.6471849056603773,
        "std": 0.13199154120280665
      },
      "5": {
        "mean": 0.774336170212766,
        "std": 0.10513862361925078
      },
      "10": {
        "mean": 0.8633968253968254,
        "std": 0.053701351630928304
      },
      "20": {
        "mean": 0.9061607142857143,
        "std": 0.025407865516450624
      }
    },
    "hubert_768d": {
      "1": {
        "mean": 0.566717501815541,
        "std": 0.14347596580419297
      },
      "2": {
        "mean": 0.8066679245283019,
        "std": 0.10132246307544002
      },
      "5": {
        "mean": 0.8941191489361704,
        "std": 0.06311751182340546
      },
      "10": {
        "mean": 0.9334444444444445,
        "std": 0.028912843044766944
      },
      "20": {
        "mean": 0.9495357142857144,
        "std": 0.01821318273971367
      }
    }
  },
  "ddk": {
    "n_recordings": 81,
    "n_participants": 81,
    "n_pd": 31,
    "n_hc": 50,
    "voicefm_256d": {
      "auroc": 0.9633333333333333,
      "std": 0.039999999999999994
    },
    "hubert_768d": {
      "auroc": 0.9333333333333333,
      "std": 0.03800584750330458
    }
  }
}