{
  "model": "checkpoints_exp_d_gsd_v3_seed43/best_model.pt",
  "dataset": "NeuroVoz",
  "level": "participant",
  "all": {
    "n_recordings": 2168,
    "n_participants": 107,
    "n_pd": 52,
    "n_hc": 55,
    "voicefm_256d": {
      "auroc": 0.9287603305785124,
      "std": 0.022725920320393007
    },
    "hubert_768d": {
      "auroc": 0.9780165289256197,
      "std": 0.032117195407297724
    }
  },
  "all_fewshot": {
    "voicefm_256d": {
      "1": {
        "mean": 0.5202287581699346,
        "std": 0.10237694429977161
      },
      "2": {
        "mean": 0.6658415094339623,
        "std": 0.130212264530284
      },
      "5": {
        "mean": 0.7904170212765959,
        "std": 0.09781966167880149
      },
      "10": {
        "mean": 0.848920634920635,
        "std": 0.041771635310709244
      },
      "20": {
        "mean": 0.880892857142857,
        "std": 0.03227897764736645
      }
    },
    "hubert_768d": {
      "1": {
        "mean": 0.5532062454611474,
        "std": 0.1476974929335034
      },
      "2": {
        "mean": 0.8049283018867925,
        "std": 0.10711043824378685
      },
      "5": {
        "mean": 0.8975276595744681,
        "std": 0.057219588303741006
      },
      "10": {
        "mean": 0.937031746031746,
        "std": 0.02772734095758053
      },
      "20": {
        "mean": 0.9566160714285715,
        "std": 0.017059925424359093
      }
    }
  },
  "vowel": {
    "n_recordings": 812,
    "n_participants": 107,
    "n_pd": 52,
    "n_hc": 55,
    "voicefm_256d": {
      "auroc": 0.6525619834710744,
      "std": 0.09028274084327467
    },
    "hubert_768d": {
      "auroc": 0.7019834710743801,
      "std": 0.06792483501289691
    }
  },
  "speech": {
    "n_recordings": 1275,
    "n_participants": 107,
    "n_pd": 52,
    "n_hc": 55,
    "voicefm_256d": {
      "auroc": 0.9224793388429753,
      "std": 0.04154123825534298
    },
    "hubert_768d": {
      "auroc": 0.9758677685950413,
      "std": 0.022875698655177776
    }
  },
  "speech_fewshot": {
    "voicefm_256d": {
      "1": {
        "mean": 0.5351343500363108,
        "std": 0.13065006273883595
      },
      "2": {
        "mean": 0.6666490566037736,
        "std": 0.13324338370907124
      },
      "5": {
        "mean": 0.7722765957446808,
        "std": 0.10811630266833439
      },
      "10": {
        "mean": 0.8377089947089948,
        "std": 0.04948534746440233
      },
      "20": {
        "mean": 0.87825,
        "std": 0.0298301206323202
      }
    },
    "hubert_768d": {
      "1": {
        "mean": 0.566717501815541,
        "std": 0.14347596580419297
      },
      "2": {
        "mean": 0.8066679245283019,
        "std": 0.10132246307544002
      },
      "5": {
        "mean": 0.8941191489361704,
        "std": 0.06311751182340546
      },
      "10": {
        "mean": 0.9334444444444445,
        "std": 0.028912843044766944
      },
      "20": {
        "mean": 0.9495357142857144,
        "std": 0.01821318273971367
      }
    }
  },
  "ddk": {
    "n_recordings": 81,
    "n_participants": 81,
    "n_pd": 31,
    "n_hc": 50,
    "voicefm_256d": {
      "auroc": 0.8585714285714285,
      "std": 0.054118371981620464
    },
    "hubert_768d": {
      "auroc": 0.9333333333333333,
      "std": 0.03800584750330458
    }
  }
}